c6c8dc654f1782621a3825f6a1958418,风险报表,0,0,1512050467831,4bf79ab1-efc1-4767-b9e1-6f91e011dabc,,
c6c8dc654f1782621a3825f6a1958418,风险报表,0,0,1512050467831,4bf79ab1-efc1-4767-b9e1-6f91e011dabc,,
c6c8dc654f1782621a3825f6a1958418,风险报表,0,0,1512050467831,4bf79ab1-efc1-4767-b9e1-6f91e011dabc,,
c6c8dc654f1782621a3825f6a1958418,风险报表,0,0,1512050467831,4bf79ab1-efc1-4767-b9e1-6f91e011dabc,,
c6c8dc654f1782621a3825f6a1958418,风险报表,0,0,1512050467831,4bf79ab1-efc1-4767-b9e1-6f91e011dabc,,
c6c8dc654f1782621a3825f6a1958418,风险报表,0,0,1512050467831,4bf79ab1-efc1-4767-b9e1-6f91e011dabc,,
c6c8dc654f1782621a3825f6a1958418,风险报表,0,0,1512050467831,4bf79ab1-efc1-4767-b9e1-6f91e011dabc,,
c6c8dc654f1782621a3825f6a1958418,风险报表,0,0,1512050467831,4bf79ab1-efc1-4767-b9e1-6f91e011dabc,,
c6c8dc654f1782621a3825f6a1958418,风险报表,0,0,1512050467831,4bf79ab1-efc1-4767-b9e1-6f91e011dabc,,
c6c8dc654f1782621a3825f6a1958418,风险报表,0,0,1512050467831,4bf79ab1-efc1-4767-b9e1-6f91e011dabc,,
c6c8dc654f1782621a3825f6a1958418,风险报表,0,0,1512050467831,4bf79ab1-efc1-4767-b9e1-6f91e011dabc,,
c6c8dc654f1782621a3825f6a1958418,风险报表,0,0,1512050467831,4bf79ab1-efc1-4767-b9e1-6f91e011dabc,,
c6c8dc654f1782621a3825f6a1958418,风险报表,0,0,1512050467831,4bf79ab1-efc1-4767-b9e1-6f91e011dabc,,
c6c8dc654f1782621a3825f6a1958418,风险报表,0,0,1512050467831,4bf79ab1-efc1-4767-b9e1-6f91e011dabc,,
c6c8dc654f1782621a3825f6a1958418,风险报表,0,0,1512050467831,4bf79ab1-efc1-4767-b9e1-6f91e011dabc,,
c6c8dc654f1782621a3825f6a1958418,风险报表,0,0,1512050467831,4bf79ab1-efc1-4767-b9e1-6f91e011dabc,,
c6c8dc654f1782621a3825f6a1958418,风险报表,0,0,1512050467831,4bf79ab1-efc1-4767-b9e1-6f91e011dabc,,
c6c8dc654f1782621a3825f6a1958418,风险报表,0,0,1512050467831,4bf79ab1-efc1-4767-b9e1-6f91e011dabc,,
c6c8dc654f1782621a3825f6a1958418,风险报表,0,0,1512050467831,4bf79ab1-efc1-4767-b9e1-6f91e011dabc,,
c6c8dc654f1782621a3825f6a1958418,风险报表,0,0,1512050467831,4bf79ab1-efc1-4767-b9e1-6f91e011dabc,,
c6c8dc654f1782621a3825f6a1958418,风险报表,0,0,1512050467831,4bf79ab1-efc1-4767-b9e1-6f91e011dabc,,
c6c8dc654f1782621a3825f6a1958418,风险报表,0,0,1512050467831,4bf79ab1-efc1-4767-b9e1-6f91e011dabc,,
c6c8dc654f1782621a3825f6a1958418,风险报表,0,0,1512050467831,4bf79ab1-efc1-4767-b9e1-6f91e011dabc,,
c6c8dc654f1782621a3825f6a1958418,风险报表,0,0,1512050467831,4bf79ab1-efc1-4767-b9e1-6f91e011dabc,,
c6c8dc654f1782621a3825f6a1958418,风险报表,0,0,1512050467831,4bf79ab1-efc1-4767-b9e1-6f91e011dabc,,
c6c8dc654f1782621a3825f6a1958418,风险报表,0,0,1512050467831,4bf79ab1-efc1-4767-b9e1-6f91e011dabc,,
c6c8dc654f1782621a3825f6a1958418,风险报表,0,0,1512050467831,4bf79ab1-efc1-4767-b9e1-6f91e011dabc,,
c6c8dc654f1782621a3825f6a1958418,风险报表,0,0,1512050467831,4bf79ab1-efc1-4767-b9e1-6f91e011dabc,,
c6c8dc654f1782621a3825f6a1958418,风险报表,0,0,1512050467831,4bf79ab1-efc1-4767-b9e1-6f91e011dabc,,
c6c8dc654f1782621a3825f6a1958418,风险报表,0,0,1512050467831,4bf79ab1-efc1-4767-b9e1-6f91e011dabc,,
c6c8dc654f1782621a3825f6a1958418,风险报表,0,0,1512050467831,4bf79ab1-efc1-4767-b9e1-6f91e011dabc,,
c6c8dc654f1782621a3825f6a1958418,风险报表,0,0,1512050467831,4bf79ab1-efc1-4767-b9e1-6f91e011dabc,,
c6c8dc654f1782621a3825f6a1958418,风险报表,0,0,1512050467831,4bf79ab1-efc1-4767-b9e1-6f91e011dabc,,
c6c8dc654f1782621a3825f6a1958418,风险报表,0,0,1512050467831,4bf79ab1-efc1-4767-b9e1-6f91e011dabc,,
c6c8dc654f1782621a3825f6a1958418,风险报表,0,0,1512050467831,4bf79ab1-efc1-4767-b9e1-6f91e011dabc,,
c6c8dc654f1782621a3825f6a1958418,风险报表,0,0,1512050467831,4bf79ab1-efc1-4767-b9e1-6f91e011dabc,,
c6c8dc654f1782621a3825f6a1958418,风险报表,0,0,1512050467831,4bf79ab1-efc1-4767-b9e1-6f91e011dabc,,
c6c8dc654f1782621a3825f6a1958418,风险报表,0,0,1512050467831,4bf79ab1-efc1-4767-b9e1-6f91e011dabc,,
c6c8dc654f1782621a3825f6a1958418,风险报表,0,0,1512050467831,4bf79ab1-efc1-4767-b9e1-6f91e011dabc,,
c6c8dc654f1782621a3825f6a1958418,风险报表,0,0,1512050467831,4bf79ab1-efc1-4767-b9e1-6f91e011dabc,,
c6c8dc654f1782621a3825f6a1958418,风险报表,0,0,1512050467831,4bf79ab1-efc1-4767-b9e1-6f91e011dabc,,
c6c8dc654f1782621a3825f6a1958418,风险报表,0,0,1512050467831,4bf79ab1-efc1-4767-b9e1-6f91e011dabc,,
c6c8dc654f1782621a3825f6a1958418,风险报表,0,0,1512050467831,4bf79ab1-efc1-4767-b9e1-6f91e011dabc,,
c6c8dc654f1782621a3825f6a1958418,风险报表,0,0,1512050467831,4bf79ab1-efc1-4767-b9e1-6f91e011dabc,,
c6c8dc654f1782621a3825f6a1958418,风险报表,0,0,1512050467831,4bf79ab1-efc1-4767-b9e1-6f91e011dabc,,
c6c8dc654f1782621a3825f6a1958418,风险报表,0,0,1512050467831,4bf79ab1-efc1-4767-b9e1-6f91e011dabc,,
c6c8dc654f1782621a3825f6a1958418,风险报表,0,0,1512050467831,4bf79ab1-efc1-4767-b9e1-6f91e011dabc,,
c6c8dc654f1782621a3825f6a1958418,风险报表,0,0,1512050467831,4bf79ab1-efc1-4767-b9e1-6f91e011dabc,,
c6c8dc654f1782621a3825f6a1958418,风险报表,0,0,1512050467831,4bf79ab1-efc1-4767-b9e1-6f91e011dabc,,
c6c8dc654f1782621a3825f6a1958418,风险报表,0,0,1512050467831,4bf79ab1-efc1-4767-b9e1-6f91e011dabc,,
c6c8dc654f1782621a3825f6a1958418,风险报表,0,0,1512050467831,4bf79ab1-efc1-4767-b9e1-6f91e011dabc,,
c6c8dc654f1782621a3825f6a1958418,风险报表,0,0,1512050467831,4bf79ab1-efc1-4767-b9e1-6f91e011dabc,,
c6c8dc654f1782621a3825f6a1958418,风险报表,0,0,1512050467831,4bf79ab1-efc1-4767-b9e1-6f91e011dabc,,
c6c8dc654f1782621a3825f6a1958418,风险报表,0,0,1512050467831,4bf79ab1-efc1-4767-b9e1-6f91e011dabc,,
c6c8dc654f1782621a3825f6a1958418,风险报表,0,0,1512050467831,4bf79ab1-efc1-4767-b9e1-6f91e011dabc,,
c6c8dc654f1782621a3825f6a1958418,风险报表,0,0,1512050467831,4bf79ab1-efc1-4767-b9e1-6f91e011dabc,,
c6c8dc654f1782621a3825f6a1958418,风险报表,0,0,1512050467831,4bf79ab1-efc1-4767-b9e1-6f91e011dabc,,
c6c8dc654f1782621a3825f6a1958418,风险报表,0,0,1512050467831,4bf79ab1-efc1-4767-b9e1-6f91e011dabc,,
c6c8dc654f1782621a3825f6a1958418,风险报表,0,0,1512050467831,4bf79ab1-efc1-4767-b9e1-6f91e011dabc,,
c6c8dc654f1782621a3825f6a1958418,风险报表,0,0,1512050467831,4bf79ab1-efc1-4767-b9e1-6f91e011dabc,,
c6c8dc654f1782621a3825f6a1958418,风险报表,0,0,1512050467831,4bf79ab1-efc1-4767-b9e1-6f91e011dabc,,
c6c8dc654f1782621a3825f6a1958418,风险报表,0,0,1512050467831,4bf79ab1-efc1-4767-b9e1-6f91e011dabc,,
c6c8dc654f1782621a3825f6a1958418,风险报表,0,0,1512050467831,4bf79ab1-efc1-4767-b9e1-6f91e011dabc,,
c6c8dc654f1782621a3825f6a1958418,风险报表,0,0,1512050467831,4bf79ab1-efc1-4767-b9e1-6f91e011dabc,,
c6c8dc654f1782621a3825f6a1958418,风险报表,0,0,1512050467831,4bf79ab1-efc1-4767-b9e1-6f91e011dabc,,
c6c8dc654f1782621a3825f6a1958418,风险报表,0,0,1512050467831,4bf79ab1-efc1-4767-b9e1-6f91e011dabc,,
c6c8dc654f1782621a3825f6a1958418,风险报表,0,0,1512050467831,4bf79ab1-efc1-4767-b9e1-6f91e011dabc,,
c6c8dc654f1782621a3825f6a1958418,风险报表,0,0,1512050467831,4bf79ab1-efc1-4767-b9e1-6f91e011dabc,,
c6c8dc654f1782621a3825f6a1958418,风险报表,0,0,1512050467831,4bf79ab1-efc1-4767-b9e1-6f91e011dabc,,
c6c8dc654f1782621a3825f6a1958418,风险报表,0,0,1512050467831,4bf79ab1-efc1-4767-b9e1-6f91e011dabc,,
c6c8dc654f1782621a3825f6a1958418,风险报表,0,0,1512050467831,4bf79ab1-efc1-4767-b9e1-6f91e011dabc,,
c6c8dc654f1782621a3825f6a1958418,风险报表,0,0,1512050467831,4bf79ab1-efc1-4767-b9e1-6f91e011dabc,,
c6c8dc654f1782621a3825f6a1958418,风险报表,0,0,1512050467831,4bf79ab1-efc1-4767-b9e1-6f91e011dabc,,
c6c8dc654f1782621a3825f6a1958418,风险报表,0,0,1512050467831,4bf79ab1-efc1-4767-b9e1-6f91e011dabc,,
c6c8dc654f1782621a3825f6a1958418,风险报表,0,0,1512050467831,4bf79ab1-efc1-4767-b9e1-6f91e011dabc,,
c6c8dc654f1782621a3825f6a1958418,风险报表,0,0,1512050467831,4bf79ab1-efc1-4767-b9e1-6f91e011dabc,,
c6c8dc654f1782621a3825f6a1958418,风险报表,0,0,1512050467831,4bf79ab1-efc1-4767-b9e1-6f91e011dabc,,
c6c8dc654f1782621a3825f6a1958418,风险报表,0,0,1512050467831,4bf79ab1-efc1-4767-b9e1-6f91e011dabc,,
c6c8dc654f1782621a3825f6a1958418,风险报表,0,0,1512050467831,4bf79ab1-efc1-4767-b9e1-6f91e011dabc,,
c6c8dc654f1782621a3825f6a1958418,风险报表,0,0,1512050467831,4bf79ab1-efc1-4767-b9e1-6f91e011dabc,,
c6c8dc654f1782621a3825f6a1958418,风险报表,0,0,1512050467831,4bf79ab1-efc1-4767-b9e1-6f91e011dabc,,
c6c8dc654f1782621a3825f6a1958418,风险报表,0,0,1512050467831,4bf79ab1-efc1-4767-b9e1-6f91e011dabc,,
c6c8dc654f1782621a3825f6a1958418,风险报表,0,0,1512050467831,4bf79ab1-efc1-4767-b9e1-6f91e011dabc,,
c6c8dc654f1782621a3825f6a1958418,风险报表,0,0,1512050467831,4bf79ab1-efc1-4767-b9e1-6f91e011dabc,,
c6c8dc654f1782621a3825f6a1958418,风险报表,0,0,1512050467831,4bf79ab1-efc1-4767-b9e1-6f91e011dabc,,
c6c8dc654f1782621a3825f6a1958418,风险报表,0,0,1512050467831,4bf79ab1-efc1-4767-b9e1-6f91e011dabc,,
c6c8dc654f1782621a3825f6a1958418,风险报表,0,0,1512050467831,4bf79ab1-efc1-4767-b9e1-6f91e011dabc,,
c6c8dc654f1782621a3825f6a1958418,风险报表,0,0,1512050467831,4bf79ab1-efc1-4767-b9e1-6f91e011dabc,,
c6c8dc654f1782621a3825f6a1958418,风险报表,0,0,1512050467831,4bf79ab1-efc1-4767-b9e1-6f91e011dabc,,
c6c8dc654f1782621a3825f6a1958418,风险报表,0,0,1512050467831,4bf79ab1-efc1-4767-b9e1-6f91e011dabc,,
c6c8dc654f1782621a3825f6a1958418,风险报表,0,0,1512050467831,4bf79ab1-efc1-4767-b9e1-6f91e011dabc,,
c6c8dc654f1782621a3825f6a1958418,风险报表,0,0,1512050467831,4bf79ab1-efc1-4767-b9e1-6f91e011dabc,,
c6c8dc654f1782621a3825f6a1958418,风险报表,0,0,1512050467831,4bf79ab1-efc1-4767-b9e1-6f91e011dabc,,
c6c8dc654f1782621a3825f6a1958418,风险报表,0,0,1512050467831,4bf79ab1-efc1-4767-b9e1-6f91e011dabc,,
c6c8dc654f1782621a3825f6a1958418,风险报表,0,0,1512050467831,4bf79ab1-efc1-4767-b9e1-6f91e011dabc,,
c6c8dc654f1782621a3825f6a1958418,风险报表,0,0,1512050467831,4bf79ab1-efc1-4767-b9e1-6f91e011dabc,,
c6c8dc654f1782621a3825f6a1958418,风险报表,0,0,1512050467831,4bf79ab1-efc1-4767-b9e1-6f91e011dabc,,
c6c8dc654f1782621a3825f6a1958418,风险报表,0,0,1512050467831,4bf79ab1-efc1-4767-b9e1-6f91e011dabc,,
c6c8dc654f1782621a3825f6a1958418,风险报表,0,0,1512050467831,4bf79ab1-efc1-4767-b9e1-6f91e011dabc,,
c6c8dc654f1782621a3825f6a1958418,风险报表,0,0,1512050467831,4bf79ab1-efc1-4767-b9e1-6f91e011dabc,,
c6c8dc654f1782621a3825f6a1958418,风险报表,0,0,1512050467831,4bf79ab1-efc1-4767-b9e1-6f91e011dabc,,
c6c8dc654f1782621a3825f6a1958418,风险报表,0,0,1512050467831,4bf79ab1-efc1-4767-b9e1-6f91e011dabc,,
c6c8dc654f1782621a3825f6a1958418,风险报表,0,0,1512050467831,4bf79ab1-efc1-4767-b9e1-6f91e011dabc,,
c6c8dc654f1782621a3825f6a1958418,风险报表,0,0,1512050467831,4bf79ab1-efc1-4767-b9e1-6f91e011dabc,,
c6c8dc654f1782621a3825f6a1958418,风险报表,0,0,1512050467831,4bf79ab1-efc1-4767-b9e1-6f91e011dabc,,
c6c8dc654f1782621a3825f6a1958418,风险报表,0,0,1512050467831,4bf79ab1-efc1-4767-b9e1-6f91e011dabc,,
c6c8dc654f1782621a3825f6a1958418,风险报表,0,0,1512050467831,4bf79ab1-efc1-4767-b9e1-6f91e011dabc,,
c6c8dc654f1782621a3825f6a1958418,风险报表,0,0,1512050467831,4bf79ab1-efc1-4767-b9e1-6f91e011dabc,,
c6c8dc654f1782621a3825f6a1958418,风险报表,0,0,1512050467831,4bf79ab1-efc1-4767-b9e1-6f91e011dabc,,
c6c8dc654f1782621a3825f6a1958418,风险报表,0,0,1512050467831,4bf79ab1-efc1-4767-b9e1-6f91e011dabc,,
c6c8dc654f1782621a3825f6a1958418,风险报表,0,0,1512050467831,4bf79ab1-efc1-4767-b9e1-6f91e011dabc,,
c6c8dc654f1782621a3825f6a1958418,风险报表,0,0,1512050467831,4bf79ab1-efc1-4767-b9e1-6f91e011dabc,,
c6c8dc654f1782621a3825f6a1958418,风险报表,0,0,1512050467831,4bf79ab1-efc1-4767-b9e1-6f91e011dabc,,
c6c8dc654f1782621a3825f6a1958418,风险报表,0,0,1512050467831,4bf79ab1-efc1-4767-b9e1-6f91e011dabc,,
c6c8dc654f1782621a3825f6a1958418,风险报表,0,0,1512050467831,4bf79ab1-efc1-4767-b9e1-6f91e011dabc,,
c6c8dc654f1782621a3825f6a1958418,风险报表,0,0,1512050467831,4bf79ab1-efc1-4767-b9e1-6f91e011dabc,,
c6c8dc654f1782621a3825f6a1958418,风险报表,0,0,1512050467831,4bf79ab1-efc1-4767-b9e1-6f91e011dabc,,
c6c8dc654f1782621a3825f6a1958418,风险报表,0,0,1512050467831,4bf79ab1-efc1-4767-b9e1-6f91e011dabc,,
c6c8dc654f1782621a3825f6a1958418,风险报表,0,0,1512050467831,4bf79ab1-efc1-4767-b9e1-6f91e011dabc,,
c6c8dc654f1782621a3825f6a1958418,风险报表,0,0,1512050467831,4bf79ab1-efc1-4767-b9e1-6f91e011dabc,,
