5c71d3b7a417a2c6c1d6799746d6f210,简报逻辑,82b503f285875606be592a047f599744,1512050521706,0
5c71d3b7a417a2c6c1d6799746d6f210,简报逻辑,82b503f285875606be592a047f599744,1512050521706,0
5c71d3b7a417a2c6c1d6799746d6f210,简报逻辑,82b503f285875606be592a047f599744,1512050521706,0
5c71d3b7a417a2c6c1d6799746d6f210,简报逻辑,82b503f285875606be592a047f599744,1512050521706,0
5c71d3b7a417a2c6c1d6799746d6f210,简报逻辑,82b503f285875606be592a047f599744,1512050521706,0
5c71d3b7a417a2c6c1d6799746d6f210,简报逻辑,82b503f285875606be592a047f599744,1512050521706,0
5c71d3b7a417a2c6c1d6799746d6f210,简报逻辑,82b503f285875606be592a047f599744,1512050521706,0
5c71d3b7a417a2c6c1d6799746d6f210,简报逻辑,82b503f285875606be592a047f599744,1512050521706,0
5c71d3b7a417a2c6c1d6799746d6f210,简报逻辑,82b503f285875606be592a047f599744,1512050521706,0
5c71d3b7a417a2c6c1d6799746d6f210,简报逻辑,82b503f285875606be592a047f599744,1512050521706,0
5c71d3b7a417a2c6c1d6799746d6f210,简报逻辑,82b503f285875606be592a047f599744,1512050521706,0
5c71d3b7a417a2c6c1d6799746d6f210,简报逻辑,82b503f285875606be592a047f599744,1512050521706,0
5c71d3b7a417a2c6c1d6799746d6f210,简报逻辑,82b503f285875606be592a047f599744,1512050521706,0
5c71d3b7a417a2c6c1d6799746d6f210,简报逻辑,82b503f285875606be592a047f599744,1512050521706,0
5c71d3b7a417a2c6c1d6799746d6f210,简报逻辑,82b503f285875606be592a047f599744,1512050521706,0
5c71d3b7a417a2c6c1d6799746d6f210,简报逻辑,82b503f285875606be592a047f599744,1512050521706,0
5c71d3b7a417a2c6c1d6799746d6f210,简报逻辑,82b503f285875606be592a047f599744,1512050521706,0
5c71d3b7a417a2c6c1d6799746d6f210,简报逻辑,82b503f285875606be592a047f599744,1512050521706,0
5c71d3b7a417a2c6c1d6799746d6f210,简报逻辑,82b503f285875606be592a047f599744,1512050521706,0
5c71d3b7a417a2c6c1d6799746d6f210,简报逻辑,82b503f285875606be592a047f599744,1512050521706,0
5c71d3b7a417a2c6c1d6799746d6f210,简报逻辑,82b503f285875606be592a047f599744,1512050521706,0
5c71d3b7a417a2c6c1d6799746d6f210,简报逻辑,82b503f285875606be592a047f599744,1512050521706,0
5c71d3b7a417a2c6c1d6799746d6f210,简报逻辑,82b503f285875606be592a047f599744,1512050521706,0
5c71d3b7a417a2c6c1d6799746d6f210,简报逻辑,82b503f285875606be592a047f599744,1512050521706,0
5c71d3b7a417a2c6c1d6799746d6f210,简报逻辑,82b503f285875606be592a047f599744,1512050521706,0
5c71d3b7a417a2c6c1d6799746d6f210,简报逻辑,82b503f285875606be592a047f599744,1512050521706,0
5c71d3b7a417a2c6c1d6799746d6f210,简报逻辑,82b503f285875606be592a047f599744,1512050521706,0
5c71d3b7a417a2c6c1d6799746d6f210,简报逻辑,82b503f285875606be592a047f599744,1512050521706,0
5c71d3b7a417a2c6c1d6799746d6f210,简报逻辑,82b503f285875606be592a047f599744,1512050521706,0
5c71d3b7a417a2c6c1d6799746d6f210,简报逻辑,82b503f285875606be592a047f599744,1512050521706,0
5c71d3b7a417a2c6c1d6799746d6f210,简报逻辑,82b503f285875606be592a047f599744,1512050521706,0
5c71d3b7a417a2c6c1d6799746d6f210,简报逻辑,82b503f285875606be592a047f599744,1512050521706,0
5c71d3b7a417a2c6c1d6799746d6f210,简报逻辑,82b503f285875606be592a047f599744,1512050521706,0
5c71d3b7a417a2c6c1d6799746d6f210,简报逻辑,82b503f285875606be592a047f599744,1512050521706,0
5c71d3b7a417a2c6c1d6799746d6f210,简报逻辑,82b503f285875606be592a047f599744,1512050521706,0
5c71d3b7a417a2c6c1d6799746d6f210,简报逻辑,82b503f285875606be592a047f599744,1512050521706,0
5c71d3b7a417a2c6c1d6799746d6f210,简报逻辑,82b503f285875606be592a047f599744,1512050521706,0
5c71d3b7a417a2c6c1d6799746d6f210,简报逻辑,82b503f285875606be592a047f599744,1512050521706,0
5c71d3b7a417a2c6c1d6799746d6f210,简报逻辑,82b503f285875606be592a047f599744,1512050521706,0
5c71d3b7a417a2c6c1d6799746d6f210,简报逻辑,82b503f285875606be592a047f599744,1512050521706,0
5c71d3b7a417a2c6c1d6799746d6f210,简报逻辑,82b503f285875606be592a047f599744,1512050521706,0
5c71d3b7a417a2c6c1d6799746d6f210,简报逻辑,82b503f285875606be592a047f599744,1512050521706,0
5c71d3b7a417a2c6c1d6799746d6f210,简报逻辑,82b503f285875606be592a047f599744,1512050521706,0
5c71d3b7a417a2c6c1d6799746d6f210,简报逻辑,82b503f285875606be592a047f599744,1512050521706,0
5c71d3b7a417a2c6c1d6799746d6f210,简报逻辑,82b503f285875606be592a047f599744,1512050521706,0
5c71d3b7a417a2c6c1d6799746d6f210,简报逻辑,82b503f285875606be592a047f599744,1512050521706,0
5c71d3b7a417a2c6c1d6799746d6f210,简报逻辑,82b503f285875606be592a047f599744,1512050521706,0
5c71d3b7a417a2c6c1d6799746d6f210,简报逻辑,82b503f285875606be592a047f599744,1512050521706,0
5c71d3b7a417a2c6c1d6799746d6f210,简报逻辑,82b503f285875606be592a047f599744,1512050521706,0
5c71d3b7a417a2c6c1d6799746d6f210,简报逻辑,82b503f285875606be592a047f599744,1512050521706,0
5c71d3b7a417a2c6c1d6799746d6f210,简报逻辑,82b503f285875606be592a047f599744,1512050521706,0
5c71d3b7a417a2c6c1d6799746d6f210,简报逻辑,82b503f285875606be592a047f599744,1512050521706,0
5c71d3b7a417a2c6c1d6799746d6f210,简报逻辑,82b503f285875606be592a047f599744,1512050521706,0
5c71d3b7a417a2c6c1d6799746d6f210,简报逻辑,82b503f285875606be592a047f599744,1512050521706,0
5c71d3b7a417a2c6c1d6799746d6f210,简报逻辑,82b503f285875606be592a047f599744,1512050521706,0
5c71d3b7a417a2c6c1d6799746d6f210,简报逻辑,82b503f285875606be592a047f599744,1512050521706,0
5c71d3b7a417a2c6c1d6799746d6f210,简报逻辑,82b503f285875606be592a047f599744,1512050521706,0
5c71d3b7a417a2c6c1d6799746d6f210,简报逻辑,82b503f285875606be592a047f599744,1512050521706,0
5c71d3b7a417a2c6c1d6799746d6f210,简报逻辑,82b503f285875606be592a047f599744,1512050521706,0
5c71d3b7a417a2c6c1d6799746d6f210,简报逻辑,82b503f285875606be592a047f599744,1512050521706,0
5c71d3b7a417a2c6c1d6799746d6f210,简报逻辑,82b503f285875606be592a047f599744,1512050521706,0
5c71d3b7a417a2c6c1d6799746d6f210,简报逻辑,82b503f285875606be592a047f599744,1512050521706,0
5c71d3b7a417a2c6c1d6799746d6f210,简报逻辑,82b503f285875606be592a047f599744,1512050521706,0
5c71d3b7a417a2c6c1d6799746d6f210,简报逻辑,82b503f285875606be592a047f599744,1512050521706,0
5c71d3b7a417a2c6c1d6799746d6f210,简报逻辑,82b503f285875606be592a047f599744,1512050521706,0
5c71d3b7a417a2c6c1d6799746d6f210,简报逻辑,82b503f285875606be592a047f599744,1512050521706,0
5c71d3b7a417a2c6c1d6799746d6f210,简报逻辑,82b503f285875606be592a047f599744,1512050521706,0
5c71d3b7a417a2c6c1d6799746d6f210,简报逻辑,82b503f285875606be592a047f599744,1512050521706,0
5c71d3b7a417a2c6c1d6799746d6f210,简报逻辑,82b503f285875606be592a047f599744,1512050521706,0
5c71d3b7a417a2c6c1d6799746d6f210,简报逻辑,82b503f285875606be592a047f599744,1512050521706,0
5c71d3b7a417a2c6c1d6799746d6f210,简报逻辑,82b503f285875606be592a047f599744,1512050521706,0
5c71d3b7a417a2c6c1d6799746d6f210,简报逻辑,82b503f285875606be592a047f599744,1512050521706,0
5c71d3b7a417a2c6c1d6799746d6f210,简报逻辑,82b503f285875606be592a047f599744,1512050521706,0
5c71d3b7a417a2c6c1d6799746d6f210,简报逻辑,82b503f285875606be592a047f599744,1512050521706,0
5c71d3b7a417a2c6c1d6799746d6f210,简报逻辑,82b503f285875606be592a047f599744,1512050521706,0
5c71d3b7a417a2c6c1d6799746d6f210,简报逻辑,82b503f285875606be592a047f599744,1512050521706,0
5c71d3b7a417a2c6c1d6799746d6f210,简报逻辑,82b503f285875606be592a047f599744,1512050521706,0
5c71d3b7a417a2c6c1d6799746d6f210,简报逻辑,82b503f285875606be592a047f599744,1512050521706,0
5c71d3b7a417a2c6c1d6799746d6f210,简报逻辑,82b503f285875606be592a047f599744,1512050521706,0
5c71d3b7a417a2c6c1d6799746d6f210,简报逻辑,82b503f285875606be592a047f599744,1512050521706,0
5c71d3b7a417a2c6c1d6799746d6f210,简报逻辑,82b503f285875606be592a047f599744,1512050521706,0
5c71d3b7a417a2c6c1d6799746d6f210,简报逻辑,82b503f285875606be592a047f599744,1512050521706,0
5c71d3b7a417a2c6c1d6799746d6f210,简报逻辑,82b503f285875606be592a047f599744,1512050521706,0
5c71d3b7a417a2c6c1d6799746d6f210,简报逻辑,82b503f285875606be592a047f599744,1512050521706,0
5c71d3b7a417a2c6c1d6799746d6f210,简报逻辑,82b503f285875606be592a047f599744,1512050521706,0
5c71d3b7a417a2c6c1d6799746d6f210,简报逻辑,82b503f285875606be592a047f599744,1512050521706,0
5c71d3b7a417a2c6c1d6799746d6f210,简报逻辑,82b503f285875606be592a047f599744,1512050521706,0
5c71d3b7a417a2c6c1d6799746d6f210,简报逻辑,82b503f285875606be592a047f599744,1512050521706,0
5c71d3b7a417a2c6c1d6799746d6f210,简报逻辑,82b503f285875606be592a047f599744,1512050521706,0
5c71d3b7a417a2c6c1d6799746d6f210,简报逻辑,82b503f285875606be592a047f599744,1512050521706,0
5c71d3b7a417a2c6c1d6799746d6f210,简报逻辑,82b503f285875606be592a047f599744,1512050521706,0
5c71d3b7a417a2c6c1d6799746d6f210,简报逻辑,82b503f285875606be592a047f599744,1512050521706,0
5c71d3b7a417a2c6c1d6799746d6f210,简报逻辑,82b503f285875606be592a047f599744,1512050521706,0
5c71d3b7a417a2c6c1d6799746d6f210,简报逻辑,82b503f285875606be592a047f599744,1512050521706,0
5c71d3b7a417a2c6c1d6799746d6f210,简报逻辑,82b503f285875606be592a047f599744,1512050521706,0
5c71d3b7a417a2c6c1d6799746d6f210,简报逻辑,82b503f285875606be592a047f599744,1512050521706,0
5c71d3b7a417a2c6c1d6799746d6f210,简报逻辑,82b503f285875606be592a047f599744,1512050521706,0
5c71d3b7a417a2c6c1d6799746d6f210,简报逻辑,82b503f285875606be592a047f599744,1512050521706,0
5c71d3b7a417a2c6c1d6799746d6f210,简报逻辑,82b503f285875606be592a047f599744,1512050521706,0
5c71d3b7a417a2c6c1d6799746d6f210,简报逻辑,82b503f285875606be592a047f599744,1512050521706,0
5c71d3b7a417a2c6c1d6799746d6f210,简报逻辑,82b503f285875606be592a047f599744,1512050521706,0
5c71d3b7a417a2c6c1d6799746d6f210,简报逻辑,82b503f285875606be592a047f599744,1512050521706,0
5c71d3b7a417a2c6c1d6799746d6f210,简报逻辑,82b503f285875606be592a047f599744,1512050521706,0
5c71d3b7a417a2c6c1d6799746d6f210,简报逻辑,82b503f285875606be592a047f599744,1512050521706,0
5c71d3b7a417a2c6c1d6799746d6f210,简报逻辑,82b503f285875606be592a047f599744,1512050521706,0
5c71d3b7a417a2c6c1d6799746d6f210,简报逻辑,82b503f285875606be592a047f599744,1512050521706,0
5c71d3b7a417a2c6c1d6799746d6f210,简报逻辑,82b503f285875606be592a047f599744,1512050521706,0
5c71d3b7a417a2c6c1d6799746d6f210,简报逻辑,82b503f285875606be592a047f599744,1512050521706,0
5c71d3b7a417a2c6c1d6799746d6f210,简报逻辑,82b503f285875606be592a047f599744,1512050521706,0
5c71d3b7a417a2c6c1d6799746d6f210,简报逻辑,82b503f285875606be592a047f599744,1512050521706,0
5c71d3b7a417a2c6c1d6799746d6f210,简报逻辑,82b503f285875606be592a047f599744,1512050521706,0
5c71d3b7a417a2c6c1d6799746d6f210,简报逻辑,82b503f285875606be592a047f599744,1512050521706,0
5c71d3b7a417a2c6c1d6799746d6f210,简报逻辑,82b503f285875606be592a047f599744,1512050521706,0
5c71d3b7a417a2c6c1d6799746d6f210,简报逻辑,82b503f285875606be592a047f599744,1512050521706,0
5c71d3b7a417a2c6c1d6799746d6f210,简报逻辑,82b503f285875606be592a047f599744,1512050521706,0
5c71d3b7a417a2c6c1d6799746d6f210,简报逻辑,82b503f285875606be592a047f599744,1512050521706,0
5c71d3b7a417a2c6c1d6799746d6f210,简报逻辑,82b503f285875606be592a047f599744,1512050521706,0
5c71d3b7a417a2c6c1d6799746d6f210,简报逻辑,82b503f285875606be592a047f599744,1512050521706,0
5c71d3b7a417a2c6c1d6799746d6f210,简报逻辑,82b503f285875606be592a047f599744,1512050521706,0
5c71d3b7a417a2c6c1d6799746d6f210,简报逻辑,82b503f285875606be592a047f599744,1512050521706,0
