5bc0b408326a9c7be9030deaaded31bf,简报,c6c8dc654f1782621a3825f6a1958418,5c71d3b7a417a2c6c1d6799746d6f210,4bf79ab1-efc1-4767-b9e1-6f91e011dabc,1512050477954,0
5bc0b408326a9c7be9030deaaded31bf,简报,c6c8dc654f1782621a3825f6a1958418,5c71d3b7a417a2c6c1d6799746d6f210,4bf79ab1-efc1-4767-b9e1-6f91e011dabc,1512050477954,0
5bc0b408326a9c7be9030deaaded31bf,简报,c6c8dc654f1782621a3825f6a1958418,5c71d3b7a417a2c6c1d6799746d6f210,4bf79ab1-efc1-4767-b9e1-6f91e011dabc,1512050477954,0
5bc0b408326a9c7be9030deaaded31bf,简报,c6c8dc654f1782621a3825f6a1958418,5c71d3b7a417a2c6c1d6799746d6f210,4bf79ab1-efc1-4767-b9e1-6f91e011dabc,1512050477954,0
5bc0b408326a9c7be9030deaaded31bf,简报,c6c8dc654f1782621a3825f6a1958418,5c71d3b7a417a2c6c1d6799746d6f210,4bf79ab1-efc1-4767-b9e1-6f91e011dabc,1512050477954,0
5bc0b408326a9c7be9030deaaded31bf,简报,c6c8dc654f1782621a3825f6a1958418,5c71d3b7a417a2c6c1d6799746d6f210,4bf79ab1-efc1-4767-b9e1-6f91e011dabc,1512050477954,0
5bc0b408326a9c7be9030deaaded31bf,简报,c6c8dc654f1782621a3825f6a1958418,5c71d3b7a417a2c6c1d6799746d6f210,4bf79ab1-efc1-4767-b9e1-6f91e011dabc,1512050477954,0
5bc0b408326a9c7be9030deaaded31bf,简报,c6c8dc654f1782621a3825f6a1958418,5c71d3b7a417a2c6c1d6799746d6f210,4bf79ab1-efc1-4767-b9e1-6f91e011dabc,1512050477954,0
5bc0b408326a9c7be9030deaaded31bf,简报,c6c8dc654f1782621a3825f6a1958418,5c71d3b7a417a2c6c1d6799746d6f210,4bf79ab1-efc1-4767-b9e1-6f91e011dabc,1512050477954,0
5bc0b408326a9c7be9030deaaded31bf,简报,c6c8dc654f1782621a3825f6a1958418,5c71d3b7a417a2c6c1d6799746d6f210,4bf79ab1-efc1-4767-b9e1-6f91e011dabc,1512050477954,0
5bc0b408326a9c7be9030deaaded31bf,简报,c6c8dc654f1782621a3825f6a1958418,5c71d3b7a417a2c6c1d6799746d6f210,4bf79ab1-efc1-4767-b9e1-6f91e011dabc,1512050477954,0
5bc0b408326a9c7be9030deaaded31bf,简报,c6c8dc654f1782621a3825f6a1958418,5c71d3b7a417a2c6c1d6799746d6f210,4bf79ab1-efc1-4767-b9e1-6f91e011dabc,1512050477954,0
5bc0b408326a9c7be9030deaaded31bf,简报,c6c8dc654f1782621a3825f6a1958418,5c71d3b7a417a2c6c1d6799746d6f210,4bf79ab1-efc1-4767-b9e1-6f91e011dabc,1512050477954,0
5bc0b408326a9c7be9030deaaded31bf,简报,c6c8dc654f1782621a3825f6a1958418,5c71d3b7a417a2c6c1d6799746d6f210,4bf79ab1-efc1-4767-b9e1-6f91e011dabc,1512050477954,0
5bc0b408326a9c7be9030deaaded31bf,简报,c6c8dc654f1782621a3825f6a1958418,5c71d3b7a417a2c6c1d6799746d6f210,4bf79ab1-efc1-4767-b9e1-6f91e011dabc,1512050477954,0
5bc0b408326a9c7be9030deaaded31bf,简报,c6c8dc654f1782621a3825f6a1958418,5c71d3b7a417a2c6c1d6799746d6f210,4bf79ab1-efc1-4767-b9e1-6f91e011dabc,1512050477954,0
5bc0b408326a9c7be9030deaaded31bf,简报,c6c8dc654f1782621a3825f6a1958418,5c71d3b7a417a2c6c1d6799746d6f210,4bf79ab1-efc1-4767-b9e1-6f91e011dabc,1512050477954,0
5bc0b408326a9c7be9030deaaded31bf,简报,c6c8dc654f1782621a3825f6a1958418,5c71d3b7a417a2c6c1d6799746d6f210,4bf79ab1-efc1-4767-b9e1-6f91e011dabc,1512050477954,0
5bc0b408326a9c7be9030deaaded31bf,简报,c6c8dc654f1782621a3825f6a1958418,5c71d3b7a417a2c6c1d6799746d6f210,4bf79ab1-efc1-4767-b9e1-6f91e011dabc,1512050477954,0
5bc0b408326a9c7be9030deaaded31bf,简报,c6c8dc654f1782621a3825f6a1958418,5c71d3b7a417a2c6c1d6799746d6f210,4bf79ab1-efc1-4767-b9e1-6f91e011dabc,1512050477954,0
5bc0b408326a9c7be9030deaaded31bf,简报,c6c8dc654f1782621a3825f6a1958418,5c71d3b7a417a2c6c1d6799746d6f210,4bf79ab1-efc1-4767-b9e1-6f91e011dabc,1512050477954,0
5bc0b408326a9c7be9030deaaded31bf,简报,c6c8dc654f1782621a3825f6a1958418,5c71d3b7a417a2c6c1d6799746d6f210,4bf79ab1-efc1-4767-b9e1-6f91e011dabc,1512050477954,0
5bc0b408326a9c7be9030deaaded31bf,简报,c6c8dc654f1782621a3825f6a1958418,5c71d3b7a417a2c6c1d6799746d6f210,4bf79ab1-efc1-4767-b9e1-6f91e011dabc,1512050477954,0
5bc0b408326a9c7be9030deaaded31bf,简报,c6c8dc654f1782621a3825f6a1958418,5c71d3b7a417a2c6c1d6799746d6f210,4bf79ab1-efc1-4767-b9e1-6f91e011dabc,1512050477954,0
5bc0b408326a9c7be9030deaaded31bf,简报,c6c8dc654f1782621a3825f6a1958418,5c71d3b7a417a2c6c1d6799746d6f210,4bf79ab1-efc1-4767-b9e1-6f91e011dabc,1512050477954,0
5bc0b408326a9c7be9030deaaded31bf,简报,c6c8dc654f1782621a3825f6a1958418,5c71d3b7a417a2c6c1d6799746d6f210,4bf79ab1-efc1-4767-b9e1-6f91e011dabc,1512050477954,0
5bc0b408326a9c7be9030deaaded31bf,简报,c6c8dc654f1782621a3825f6a1958418,5c71d3b7a417a2c6c1d6799746d6f210,4bf79ab1-efc1-4767-b9e1-6f91e011dabc,1512050477954,0
5bc0b408326a9c7be9030deaaded31bf,简报,c6c8dc654f1782621a3825f6a1958418,5c71d3b7a417a2c6c1d6799746d6f210,4bf79ab1-efc1-4767-b9e1-6f91e011dabc,1512050477954,0
5bc0b408326a9c7be9030deaaded31bf,简报,c6c8dc654f1782621a3825f6a1958418,5c71d3b7a417a2c6c1d6799746d6f210,4bf79ab1-efc1-4767-b9e1-6f91e011dabc,1512050477954,0
5bc0b408326a9c7be9030deaaded31bf,简报,c6c8dc654f1782621a3825f6a1958418,5c71d3b7a417a2c6c1d6799746d6f210,4bf79ab1-efc1-4767-b9e1-6f91e011dabc,1512050477954,0
5bc0b408326a9c7be9030deaaded31bf,简报,c6c8dc654f1782621a3825f6a1958418,5c71d3b7a417a2c6c1d6799746d6f210,4bf79ab1-efc1-4767-b9e1-6f91e011dabc,1512050477954,0
5bc0b408326a9c7be9030deaaded31bf,简报,c6c8dc654f1782621a3825f6a1958418,5c71d3b7a417a2c6c1d6799746d6f210,4bf79ab1-efc1-4767-b9e1-6f91e011dabc,1512050477954,0
5bc0b408326a9c7be9030deaaded31bf,简报,c6c8dc654f1782621a3825f6a1958418,5c71d3b7a417a2c6c1d6799746d6f210,4bf79ab1-efc1-4767-b9e1-6f91e011dabc,1512050477954,0
5bc0b408326a9c7be9030deaaded31bf,简报,c6c8dc654f1782621a3825f6a1958418,5c71d3b7a417a2c6c1d6799746d6f210,4bf79ab1-efc1-4767-b9e1-6f91e011dabc,1512050477954,0
5bc0b408326a9c7be9030deaaded31bf,简报,c6c8dc654f1782621a3825f6a1958418,5c71d3b7a417a2c6c1d6799746d6f210,4bf79ab1-efc1-4767-b9e1-6f91e011dabc,1512050477954,0
5bc0b408326a9c7be9030deaaded31bf,简报,c6c8dc654f1782621a3825f6a1958418,5c71d3b7a417a2c6c1d6799746d6f210,4bf79ab1-efc1-4767-b9e1-6f91e011dabc,1512050477954,0
5bc0b408326a9c7be9030deaaded31bf,简报,c6c8dc654f1782621a3825f6a1958418,5c71d3b7a417a2c6c1d6799746d6f210,4bf79ab1-efc1-4767-b9e1-6f91e011dabc,1512050477954,0
5bc0b408326a9c7be9030deaaded31bf,简报,c6c8dc654f1782621a3825f6a1958418,5c71d3b7a417a2c6c1d6799746d6f210,4bf79ab1-efc1-4767-b9e1-6f91e011dabc,1512050477954,0
5bc0b408326a9c7be9030deaaded31bf,简报,c6c8dc654f1782621a3825f6a1958418,5c71d3b7a417a2c6c1d6799746d6f210,4bf79ab1-efc1-4767-b9e1-6f91e011dabc,1512050477954,0
5bc0b408326a9c7be9030deaaded31bf,简报,c6c8dc654f1782621a3825f6a1958418,5c71d3b7a417a2c6c1d6799746d6f210,4bf79ab1-efc1-4767-b9e1-6f91e011dabc,1512050477954,0
5bc0b408326a9c7be9030deaaded31bf,简报,c6c8dc654f1782621a3825f6a1958418,5c71d3b7a417a2c6c1d6799746d6f210,4bf79ab1-efc1-4767-b9e1-6f91e011dabc,1512050477954,0
5bc0b408326a9c7be9030deaaded31bf,简报,c6c8dc654f1782621a3825f6a1958418,5c71d3b7a417a2c6c1d6799746d6f210,4bf79ab1-efc1-4767-b9e1-6f91e011dabc,1512050477954,0
5bc0b408326a9c7be9030deaaded31bf,简报,c6c8dc654f1782621a3825f6a1958418,5c71d3b7a417a2c6c1d6799746d6f210,4bf79ab1-efc1-4767-b9e1-6f91e011dabc,1512050477954,0
5bc0b408326a9c7be9030deaaded31bf,简报,c6c8dc654f1782621a3825f6a1958418,5c71d3b7a417a2c6c1d6799746d6f210,4bf79ab1-efc1-4767-b9e1-6f91e011dabc,1512050477954,0
5bc0b408326a9c7be9030deaaded31bf,简报,c6c8dc654f1782621a3825f6a1958418,5c71d3b7a417a2c6c1d6799746d6f210,4bf79ab1-efc1-4767-b9e1-6f91e011dabc,1512050477954,0
5bc0b408326a9c7be9030deaaded31bf,简报,c6c8dc654f1782621a3825f6a1958418,5c71d3b7a417a2c6c1d6799746d6f210,4bf79ab1-efc1-4767-b9e1-6f91e011dabc,1512050477954,0
5bc0b408326a9c7be9030deaaded31bf,简报,c6c8dc654f1782621a3825f6a1958418,5c71d3b7a417a2c6c1d6799746d6f210,4bf79ab1-efc1-4767-b9e1-6f91e011dabc,1512050477954,0
5bc0b408326a9c7be9030deaaded31bf,简报,c6c8dc654f1782621a3825f6a1958418,5c71d3b7a417a2c6c1d6799746d6f210,4bf79ab1-efc1-4767-b9e1-6f91e011dabc,1512050477954,0
5bc0b408326a9c7be9030deaaded31bf,简报,c6c8dc654f1782621a3825f6a1958418,5c71d3b7a417a2c6c1d6799746d6f210,4bf79ab1-efc1-4767-b9e1-6f91e011dabc,1512050477954,0
5bc0b408326a9c7be9030deaaded31bf,简报,c6c8dc654f1782621a3825f6a1958418,5c71d3b7a417a2c6c1d6799746d6f210,4bf79ab1-efc1-4767-b9e1-6f91e011dabc,1512050477954,0
5bc0b408326a9c7be9030deaaded31bf,简报,c6c8dc654f1782621a3825f6a1958418,5c71d3b7a417a2c6c1d6799746d6f210,4bf79ab1-efc1-4767-b9e1-6f91e011dabc,1512050477954,0
5bc0b408326a9c7be9030deaaded31bf,简报,c6c8dc654f1782621a3825f6a1958418,5c71d3b7a417a2c6c1d6799746d6f210,4bf79ab1-efc1-4767-b9e1-6f91e011dabc,1512050477954,0
5bc0b408326a9c7be9030deaaded31bf,简报,c6c8dc654f1782621a3825f6a1958418,5c71d3b7a417a2c6c1d6799746d6f210,4bf79ab1-efc1-4767-b9e1-6f91e011dabc,1512050477954,0
5bc0b408326a9c7be9030deaaded31bf,简报,c6c8dc654f1782621a3825f6a1958418,5c71d3b7a417a2c6c1d6799746d6f210,4bf79ab1-efc1-4767-b9e1-6f91e011dabc,1512050477954,0
5bc0b408326a9c7be9030deaaded31bf,简报,c6c8dc654f1782621a3825f6a1958418,5c71d3b7a417a2c6c1d6799746d6f210,4bf79ab1-efc1-4767-b9e1-6f91e011dabc,1512050477954,0
5bc0b408326a9c7be9030deaaded31bf,简报,c6c8dc654f1782621a3825f6a1958418,5c71d3b7a417a2c6c1d6799746d6f210,4bf79ab1-efc1-4767-b9e1-6f91e011dabc,1512050477954,0
5bc0b408326a9c7be9030deaaded31bf,简报,c6c8dc654f1782621a3825f6a1958418,5c71d3b7a417a2c6c1d6799746d6f210,4bf79ab1-efc1-4767-b9e1-6f91e011dabc,1512050477954,0
5bc0b408326a9c7be9030deaaded31bf,简报,c6c8dc654f1782621a3825f6a1958418,5c71d3b7a417a2c6c1d6799746d6f210,4bf79ab1-efc1-4767-b9e1-6f91e011dabc,1512050477954,0
5bc0b408326a9c7be9030deaaded31bf,简报,c6c8dc654f1782621a3825f6a1958418,5c71d3b7a417a2c6c1d6799746d6f210,4bf79ab1-efc1-4767-b9e1-6f91e011dabc,1512050477954,0
5bc0b408326a9c7be9030deaaded31bf,简报,c6c8dc654f1782621a3825f6a1958418,5c71d3b7a417a2c6c1d6799746d6f210,4bf79ab1-efc1-4767-b9e1-6f91e011dabc,1512050477954,0
5bc0b408326a9c7be9030deaaded31bf,简报,c6c8dc654f1782621a3825f6a1958418,5c71d3b7a417a2c6c1d6799746d6f210,4bf79ab1-efc1-4767-b9e1-6f91e011dabc,1512050477954,0
5bc0b408326a9c7be9030deaaded31bf,简报,c6c8dc654f1782621a3825f6a1958418,5c71d3b7a417a2c6c1d6799746d6f210,4bf79ab1-efc1-4767-b9e1-6f91e011dabc,1512050477954,0
5bc0b408326a9c7be9030deaaded31bf,简报,c6c8dc654f1782621a3825f6a1958418,5c71d3b7a417a2c6c1d6799746d6f210,4bf79ab1-efc1-4767-b9e1-6f91e011dabc,1512050477954,0
5bc0b408326a9c7be9030deaaded31bf,简报,c6c8dc654f1782621a3825f6a1958418,5c71d3b7a417a2c6c1d6799746d6f210,4bf79ab1-efc1-4767-b9e1-6f91e011dabc,1512050477954,0
5bc0b408326a9c7be9030deaaded31bf,简报,c6c8dc654f1782621a3825f6a1958418,5c71d3b7a417a2c6c1d6799746d6f210,4bf79ab1-efc1-4767-b9e1-6f91e011dabc,1512050477954,0
5bc0b408326a9c7be9030deaaded31bf,简报,c6c8dc654f1782621a3825f6a1958418,5c71d3b7a417a2c6c1d6799746d6f210,4bf79ab1-efc1-4767-b9e1-6f91e011dabc,1512050477954,0
5bc0b408326a9c7be9030deaaded31bf,简报,c6c8dc654f1782621a3825f6a1958418,5c71d3b7a417a2c6c1d6799746d6f210,4bf79ab1-efc1-4767-b9e1-6f91e011dabc,1512050477954,0
5bc0b408326a9c7be9030deaaded31bf,简报,c6c8dc654f1782621a3825f6a1958418,5c71d3b7a417a2c6c1d6799746d6f210,4bf79ab1-efc1-4767-b9e1-6f91e011dabc,1512050477954,0
5bc0b408326a9c7be9030deaaded31bf,简报,c6c8dc654f1782621a3825f6a1958418,5c71d3b7a417a2c6c1d6799746d6f210,4bf79ab1-efc1-4767-b9e1-6f91e011dabc,1512050477954,0
5bc0b408326a9c7be9030deaaded31bf,简报,c6c8dc654f1782621a3825f6a1958418,5c71d3b7a417a2c6c1d6799746d6f210,4bf79ab1-efc1-4767-b9e1-6f91e011dabc,1512050477954,0
5bc0b408326a9c7be9030deaaded31bf,简报,c6c8dc654f1782621a3825f6a1958418,5c71d3b7a417a2c6c1d6799746d6f210,4bf79ab1-efc1-4767-b9e1-6f91e011dabc,1512050477954,0
5bc0b408326a9c7be9030deaaded31bf,简报,c6c8dc654f1782621a3825f6a1958418,5c71d3b7a417a2c6c1d6799746d6f210,4bf79ab1-efc1-4767-b9e1-6f91e011dabc,1512050477954,0
5bc0b408326a9c7be9030deaaded31bf,简报,c6c8dc654f1782621a3825f6a1958418,5c71d3b7a417a2c6c1d6799746d6f210,4bf79ab1-efc1-4767-b9e1-6f91e011dabc,1512050477954,0
5bc0b408326a9c7be9030deaaded31bf,简报,c6c8dc654f1782621a3825f6a1958418,5c71d3b7a417a2c6c1d6799746d6f210,4bf79ab1-efc1-4767-b9e1-6f91e011dabc,1512050477954,0
5bc0b408326a9c7be9030deaaded31bf,简报,c6c8dc654f1782621a3825f6a1958418,5c71d3b7a417a2c6c1d6799746d6f210,4bf79ab1-efc1-4767-b9e1-6f91e011dabc,1512050477954,0
5bc0b408326a9c7be9030deaaded31bf,简报,c6c8dc654f1782621a3825f6a1958418,5c71d3b7a417a2c6c1d6799746d6f210,4bf79ab1-efc1-4767-b9e1-6f91e011dabc,1512050477954,0
5bc0b408326a9c7be9030deaaded31bf,简报,c6c8dc654f1782621a3825f6a1958418,5c71d3b7a417a2c6c1d6799746d6f210,4bf79ab1-efc1-4767-b9e1-6f91e011dabc,1512050477954,0
5bc0b408326a9c7be9030deaaded31bf,简报,c6c8dc654f1782621a3825f6a1958418,5c71d3b7a417a2c6c1d6799746d6f210,4bf79ab1-efc1-4767-b9e1-6f91e011dabc,1512050477954,0
5bc0b408326a9c7be9030deaaded31bf,简报,c6c8dc654f1782621a3825f6a1958418,5c71d3b7a417a2c6c1d6799746d6f210,4bf79ab1-efc1-4767-b9e1-6f91e011dabc,1512050477954,0
5bc0b408326a9c7be9030deaaded31bf,简报,c6c8dc654f1782621a3825f6a1958418,5c71d3b7a417a2c6c1d6799746d6f210,4bf79ab1-efc1-4767-b9e1-6f91e011dabc,1512050477954,0
5bc0b408326a9c7be9030deaaded31bf,简报,c6c8dc654f1782621a3825f6a1958418,5c71d3b7a417a2c6c1d6799746d6f210,4bf79ab1-efc1-4767-b9e1-6f91e011dabc,1512050477954,0
5bc0b408326a9c7be9030deaaded31bf,简报,c6c8dc654f1782621a3825f6a1958418,5c71d3b7a417a2c6c1d6799746d6f210,4bf79ab1-efc1-4767-b9e1-6f91e011dabc,1512050477954,0
5bc0b408326a9c7be9030deaaded31bf,简报,c6c8dc654f1782621a3825f6a1958418,5c71d3b7a417a2c6c1d6799746d6f210,4bf79ab1-efc1-4767-b9e1-6f91e011dabc,1512050477954,0
5bc0b408326a9c7be9030deaaded31bf,简报,c6c8dc654f1782621a3825f6a1958418,5c71d3b7a417a2c6c1d6799746d6f210,4bf79ab1-efc1-4767-b9e1-6f91e011dabc,1512050477954,0
5bc0b408326a9c7be9030deaaded31bf,简报,c6c8dc654f1782621a3825f6a1958418,5c71d3b7a417a2c6c1d6799746d6f210,4bf79ab1-efc1-4767-b9e1-6f91e011dabc,1512050477954,0
5bc0b408326a9c7be9030deaaded31bf,简报,c6c8dc654f1782621a3825f6a1958418,5c71d3b7a417a2c6c1d6799746d6f210,4bf79ab1-efc1-4767-b9e1-6f91e011dabc,1512050477954,0
5bc0b408326a9c7be9030deaaded31bf,简报,c6c8dc654f1782621a3825f6a1958418,5c71d3b7a417a2c6c1d6799746d6f210,4bf79ab1-efc1-4767-b9e1-6f91e011dabc,1512050477954,0
5bc0b408326a9c7be9030deaaded31bf,简报,c6c8dc654f1782621a3825f6a1958418,5c71d3b7a417a2c6c1d6799746d6f210,4bf79ab1-efc1-4767-b9e1-6f91e011dabc,1512050477954,0
5bc0b408326a9c7be9030deaaded31bf,简报,c6c8dc654f1782621a3825f6a1958418,5c71d3b7a417a2c6c1d6799746d6f210,4bf79ab1-efc1-4767-b9e1-6f91e011dabc,1512050477954,0
5bc0b408326a9c7be9030deaaded31bf,简报,c6c8dc654f1782621a3825f6a1958418,5c71d3b7a417a2c6c1d6799746d6f210,4bf79ab1-efc1-4767-b9e1-6f91e011dabc,1512050477954,0
5bc0b408326a9c7be9030deaaded31bf,简报,c6c8dc654f1782621a3825f6a1958418,5c71d3b7a417a2c6c1d6799746d6f210,4bf79ab1-efc1-4767-b9e1-6f91e011dabc,1512050477954,0
5bc0b408326a9c7be9030deaaded31bf,简报,c6c8dc654f1782621a3825f6a1958418,5c71d3b7a417a2c6c1d6799746d6f210,4bf79ab1-efc1-4767-b9e1-6f91e011dabc,1512050477954,0
5bc0b408326a9c7be9030deaaded31bf,简报,c6c8dc654f1782621a3825f6a1958418,5c71d3b7a417a2c6c1d6799746d6f210,4bf79ab1-efc1-4767-b9e1-6f91e011dabc,1512050477954,0
5bc0b408326a9c7be9030deaaded31bf,简报,c6c8dc654f1782621a3825f6a1958418,5c71d3b7a417a2c6c1d6799746d6f210,4bf79ab1-efc1-4767-b9e1-6f91e011dabc,1512050477954,0
5bc0b408326a9c7be9030deaaded31bf,简报,c6c8dc654f1782621a3825f6a1958418,5c71d3b7a417a2c6c1d6799746d6f210,4bf79ab1-efc1-4767-b9e1-6f91e011dabc,1512050477954,0
5bc0b408326a9c7be9030deaaded31bf,简报,c6c8dc654f1782621a3825f6a1958418,5c71d3b7a417a2c6c1d6799746d6f210,4bf79ab1-efc1-4767-b9e1-6f91e011dabc,1512050477954,0
5bc0b408326a9c7be9030deaaded31bf,简报,c6c8dc654f1782621a3825f6a1958418,5c71d3b7a417a2c6c1d6799746d6f210,4bf79ab1-efc1-4767-b9e1-6f91e011dabc,1512050477954,0
5bc0b408326a9c7be9030deaaded31bf,简报,c6c8dc654f1782621a3825f6a1958418,5c71d3b7a417a2c6c1d6799746d6f210,4bf79ab1-efc1-4767-b9e1-6f91e011dabc,1512050477954,0
5bc0b408326a9c7be9030deaaded31bf,简报,c6c8dc654f1782621a3825f6a1958418,5c71d3b7a417a2c6c1d6799746d6f210,4bf79ab1-efc1-4767-b9e1-6f91e011dabc,1512050477954,0
5bc0b408326a9c7be9030deaaded31bf,简报,c6c8dc654f1782621a3825f6a1958418,5c71d3b7a417a2c6c1d6799746d6f210,4bf79ab1-efc1-4767-b9e1-6f91e011dabc,1512050477954,0
5bc0b408326a9c7be9030deaaded31bf,简报,c6c8dc654f1782621a3825f6a1958418,5c71d3b7a417a2c6c1d6799746d6f210,4bf79ab1-efc1-4767-b9e1-6f91e011dabc,1512050477954,0
5bc0b408326a9c7be9030deaaded31bf,简报,c6c8dc654f1782621a3825f6a1958418,5c71d3b7a417a2c6c1d6799746d6f210,4bf79ab1-efc1-4767-b9e1-6f91e011dabc,1512050477954,0
5bc0b408326a9c7be9030deaaded31bf,简报,c6c8dc654f1782621a3825f6a1958418,5c71d3b7a417a2c6c1d6799746d6f210,4bf79ab1-efc1-4767-b9e1-6f91e011dabc,1512050477954,0
5bc0b408326a9c7be9030deaaded31bf,简报,c6c8dc654f1782621a3825f6a1958418,5c71d3b7a417a2c6c1d6799746d6f210,4bf79ab1-efc1-4767-b9e1-6f91e011dabc,1512050477954,0
5bc0b408326a9c7be9030deaaded31bf,简报,c6c8dc654f1782621a3825f6a1958418,5c71d3b7a417a2c6c1d6799746d6f210,4bf79ab1-efc1-4767-b9e1-6f91e011dabc,1512050477954,0
5bc0b408326a9c7be9030deaaded31bf,简报,c6c8dc654f1782621a3825f6a1958418,5c71d3b7a417a2c6c1d6799746d6f210,4bf79ab1-efc1-4767-b9e1-6f91e011dabc,1512050477954,0
5bc0b408326a9c7be9030deaaded31bf,简报,c6c8dc654f1782621a3825f6a1958418,5c71d3b7a417a2c6c1d6799746d6f210,4bf79ab1-efc1-4767-b9e1-6f91e011dabc,1512050477954,0
5bc0b408326a9c7be9030deaaded31bf,简报,c6c8dc654f1782621a3825f6a1958418,5c71d3b7a417a2c6c1d6799746d6f210,4bf79ab1-efc1-4767-b9e1-6f91e011dabc,1512050477954,0
5bc0b408326a9c7be9030deaaded31bf,简报,c6c8dc654f1782621a3825f6a1958418,5c71d3b7a417a2c6c1d6799746d6f210,4bf79ab1-efc1-4767-b9e1-6f91e011dabc,1512050477954,0
5bc0b408326a9c7be9030deaaded31bf,简报,c6c8dc654f1782621a3825f6a1958418,5c71d3b7a417a2c6c1d6799746d6f210,4bf79ab1-efc1-4767-b9e1-6f91e011dabc,1512050477954,0
5bc0b408326a9c7be9030deaaded31bf,简报,c6c8dc654f1782621a3825f6a1958418,5c71d3b7a417a2c6c1d6799746d6f210,4bf79ab1-efc1-4767-b9e1-6f91e011dabc,1512050477954,0
5bc0b408326a9c7be9030deaaded31bf,简报,c6c8dc654f1782621a3825f6a1958418,5c71d3b7a417a2c6c1d6799746d6f210,4bf79ab1-efc1-4767-b9e1-6f91e011dabc,1512050477954,0
5bc0b408326a9c7be9030deaaded31bf,简报,c6c8dc654f1782621a3825f6a1958418,5c71d3b7a417a2c6c1d6799746d6f210,4bf79ab1-efc1-4767-b9e1-6f91e011dabc,1512050477954,0
5bc0b408326a9c7be9030deaaded31bf,简报,c6c8dc654f1782621a3825f6a1958418,5c71d3b7a417a2c6c1d6799746d6f210,4bf79ab1-efc1-4767-b9e1-6f91e011dabc,1512050477954,0
5bc0b408326a9c7be9030deaaded31bf,简报,c6c8dc654f1782621a3825f6a1958418,5c71d3b7a417a2c6c1d6799746d6f210,4bf79ab1-efc1-4767-b9e1-6f91e011dabc,1512050477954,0
5bc0b408326a9c7be9030deaaded31bf,简报,c6c8dc654f1782621a3825f6a1958418,5c71d3b7a417a2c6c1d6799746d6f210,4bf79ab1-efc1-4767-b9e1-6f91e011dabc,1512050477954,0
5bc0b408326a9c7be9030deaaded31bf,简报,c6c8dc654f1782621a3825f6a1958418,5c71d3b7a417a2c6c1d6799746d6f210,4bf79ab1-efc1-4767-b9e1-6f91e011dabc,1512050477954,0
5bc0b408326a9c7be9030deaaded31bf,简报,c6c8dc654f1782621a3825f6a1958418,5c71d3b7a417a2c6c1d6799746d6f210,4bf79ab1-efc1-4767-b9e1-6f91e011dabc,1512050477954,0
5bc0b408326a9c7be9030deaaded31bf,简报,c6c8dc654f1782621a3825f6a1958418,5c71d3b7a417a2c6c1d6799746d6f210,4bf79ab1-efc1-4767-b9e1-6f91e011dabc,1512050477954,0
5bc0b408326a9c7be9030deaaded31bf,简报,c6c8dc654f1782621a3825f6a1958418,5c71d3b7a417a2c6c1d6799746d6f210,4bf79ab1-efc1-4767-b9e1-6f91e011dabc,1512050477954,0
