bbeed0c70d93dd82ad5d10b5149a3d54,进件规模
bbeed0c70d93dd82ad5d10b5149a3d54,进件规模
bbeed0c70d93dd82ad5d10b5149a3d54,进件规模
bbeed0c70d93dd82ad5d10b5149a3d54,进件规模
bbeed0c70d93dd82ad5d10b5149a3d54,进件规模
33038eda0b51546366a92cc0d3e49cfa,本周
33038eda0b51546366a92cc0d3e49cfa,本周
33038eda0b51546366a92cc0d3e49cfa,本周
33038eda0b51546366a92cc0d3e49cfa,本周
33038eda0b51546366a92cc0d3e49cfa,本周
a317a983679031c9ddc4688f5cc845cb,本日
a317a983679031c9ddc4688f5cc845cb,本日
a317a983679031c9ddc4688f5cc845cb,本日
a317a983679031c9ddc4688f5cc845cb,本日
a317a983679031c9ddc4688f5cc845cb,本日
05de461589abf87609b95a68fcfdbd35,本月
05de461589abf87609b95a68fcfdbd35,本月
05de461589abf87609b95a68fcfdbd35,本月
05de461589abf87609b95a68fcfdbd35,本月
05de461589abf87609b95a68fcfdbd35,本月
b1a8c66ce5d96b4440f382f87e9dd653,本年
b1a8c66ce5d96b4440f382f87e9dd653,本年
b1a8c66ce5d96b4440f382f87e9dd653,本年
b1a8c66ce5d96b4440f382f87e9dd653,本年
b1a8c66ce5d96b4440f382f87e9dd653,本年
8be42ec59e489ef6423b9fa0004d4557,发卡开卡
8be42ec59e489ef6423b9fa0004d4557,发卡开卡
8be42ec59e489ef6423b9fa0004d4557,发卡开卡
8be42ec59e489ef6423b9fa0004d4557,发卡开卡
8be42ec59e489ef6423b9fa0004d4557,发卡开卡
07dfccb9d9a1d905d8820eb526b96159,本周
07dfccb9d9a1d905d8820eb526b96159,本周
07dfccb9d9a1d905d8820eb526b96159,本周
07dfccb9d9a1d905d8820eb526b96159,本周
07dfccb9d9a1d905d8820eb526b96159,本周
34a7c20970517328f72468576866d43b,本日
34a7c20970517328f72468576866d43b,本日
34a7c20970517328f72468576866d43b,本日
34a7c20970517328f72468576866d43b,本日
34a7c20970517328f72468576866d43b,本日
9bc8a64be23885be388aa6ce3d2f1467,本月
9bc8a64be23885be388aa6ce3d2f1467,本月
9bc8a64be23885be388aa6ce3d2f1467,本月
9bc8a64be23885be388aa6ce3d2f1467,本月
9bc8a64be23885be388aa6ce3d2f1467,本月
85ab76401200502d64a32718bacc3f6a,本年
85ab76401200502d64a32718bacc3f6a,本年
85ab76401200502d64a32718bacc3f6a,本年
85ab76401200502d64a32718bacc3f6a,本年
85ab76401200502d64a32718bacc3f6a,本年
775b7fadbd5235b69cf3239944113464,类型2
775b7fadbd5235b69cf3239944113464,类型2
775b7fadbd5235b69cf3239944113464,类型2
775b7fadbd5235b69cf3239944113464,类型2
775b7fadbd5235b69cf3239944113464,类型2
5a1c1b8730567cee3397fa91c2ca330a,本周
5a1c1b8730567cee3397fa91c2ca330a,本周
5a1c1b8730567cee3397fa91c2ca330a,本周
5a1c1b8730567cee3397fa91c2ca330a,本周
5a1c1b8730567cee3397fa91c2ca330a,本周
a0f8d8a0360fa231a8e2517123e3da65,本日
a0f8d8a0360fa231a8e2517123e3da65,本日
a0f8d8a0360fa231a8e2517123e3da65,本日
a0f8d8a0360fa231a8e2517123e3da65,本日
a0f8d8a0360fa231a8e2517123e3da65,本日
30bc01ff5392f0eb0c76a52f30ea6852,本月
30bc01ff5392f0eb0c76a52f30ea6852,本月
30bc01ff5392f0eb0c76a52f30ea6852,本月
30bc01ff5392f0eb0c76a52f30ea6852,本月
30bc01ff5392f0eb0c76a52f30ea6852,本月
81944106b03e8440aa6116ece023a258,本年
81944106b03e8440aa6116ece023a258,本年
81944106b03e8440aa6116ece023a258,本年
81944106b03e8440aa6116ece023a258,本年
81944106b03e8440aa6116ece023a258,本年
74d1ab282af5405aa679beb976f967dc,类型1
74d1ab282af5405aa679beb976f967dc,类型1
74d1ab282af5405aa679beb976f967dc,类型1
74d1ab282af5405aa679beb976f967dc,类型1
74d1ab282af5405aa679beb976f967dc,类型1
